cell,cycle,capacity_mah,capacity_retention_pct,rated_capacity_soh_pct,effective_resistance_ohm,resistance_soh_pct
Cell1,0,739.1109210621779,100.0,99.87985419759161,0.0465463528638962,100.0
Cell1,100,730.1929494056872,98.79341903869114,98.67472289266043,0.047242824613766006,98.52576183671526
Cell1,200,725.7467375962049,98.19185685326266,98.07388345894661,0.047100710523284295,98.82303758642016
Cell1,300,722.8431973239306,97.79901456267633,97.6815131518825,0.047885330140187865,97.20378397231111
Cell1,400,718.3668958430143,97.19338131422109,97.07660754635327,0.0478384422364364,97.29905634018309
Cell1,500,714.9787006955092,96.73496633874815,96.61874333723098,0.04816190960630609,96.64557166520996
Cell1,600,711.6204053941345,96.28059674337695,96.16491964785602,0.048586270397396256,95.80145272148862
Cell1,700,709.5321170323996,95.99805615275301,95.88271851789185,0.04932269703181097,94.37106173224032
Cell1,800,705.8480111354505,95.49960513654362,95.38486636965547,0.04930917752872311,94.3969362230438
Cell1,900,702.5449768529222,95.05271222934893,94.93851038553002,0.04979192068999372,93.48173803877833
Cell1,1000,699.4156477527364,94.62932123200191,94.5156280746941,0.05025323701296701,92.62359129599092
Cell1,1100,696.2835912151658,94.20556121867813,94.09237719123863,0.050294513309125016,92.5475758713649
Cell1,1200,693.2672854322545,93.79746201503269,93.68476830165602,0.05050228381671156,92.16682760888068
Cell1,1300,690.3687943593548,93.40530286945622,93.29308031883173,0.05069397784586808,91.81830829180049
Cell1,1400,687.6192406848993,93.03329460978877,92.92151901147288,0.05078903139993876,91.64646692583375
Cell1,1600,681.8263154580586,92.249525210398,92.13869127811603,0.0512628663804441,90.79935663069521
Cell1,1800,675.8871270316637,91.44596673802964,91.33609824752213,0.05195573137902229,89.58848548264264
Cell1,1900,672.743285643124,91.0206122615971,90.91125481663838,0.052454335774222476,88.73690263516858
Cell1,2000,669.7317983178508,90.61316498413767,90.50429706997983,0.05293520333805436,87.93080961008548
Cell1,2100,667.4184829442038,90.3001787586977,90.19168688435187,0.05306848765833269,87.70996671993458
Cell1,2200,663.9526202195469,89.83125553947697,89.72332705669554,0.05369595166005363,86.68503197145813
Cell1,2300,661.4396086354981,89.49125087814177,89.38373089668893,0.05389605940764151,86.36318383101816
Cell1,2400,658.2324497447104,89.05732968994194,88.95033104658249,0.05433561321448717,85.66453953534443
Cell1,2500,656.3019662937012,88.79613973915149,88.68945490455421,0.05471597583195304,85.0690354255074
Cell1,2600,652.7810452742547,88.31976725985074,88.21365476679117,0.055257264039896524,84.23571755251776
Cell1,2700,651.274269703515,88.11590400633877,88.01003644642094,0.055800892886266586,83.41506821184205
Cell1,2800,648.8501025188361,87.7879197869749,87.68244628632921,0.05599693309968392,83.12303957974964
Cell1,2900,645.0218397585212,87.26996468020779,87.16511348088125,0.05674628914660783,82.0253686432968
Cell1,3000,644.1689847636143,87.1545753698075,87.04986280589382,0.05668805662525221,82.10962879112299
Cell1,3100,642.0891597582703,86.8731798517498,86.76880537273924,0.05753742552733087,80.89752441528027
Cell1,3200,638.7729233128966,86.424500722424,86.3206653125536,0.05793062317853988,80.34844148049675
Cell1,3300,637.8192441609972,86.29547013652373,86.1917897514861,0.05861000033665707,79.41708342694585
Cell1,3500,632.2030179733683,85.53560770889814,85.43284026667139,0.058556950322116455,79.48903180211562
Cell1,3600,631.7444982024535,85.47357104324371,85.3708781354667,0.05863849977985527,79.37848519086224
Cell1,3700,629.5202834064332,85.17263992010133,85.07030856843693,0.061268896122635086,75.97060794229029
Cell1,3800,625.4908168324312,84.62746240219762,84.52578605843665,0.05866649313087961,79.34060888905617
Cell1,3900,625.2583088284471,84.5960046064381,84.49436605789825,0.05936487278740535,78.4072308730211
Cell1,4000,623.5531647570597,84.36530255309313,84.26394118338645,0.0596445138965505,78.03962145559237
Cell1,4100,620.4774481988763,83.94916520881425,83.84830381065896,0.060565447878327086,76.85298217790027
Cell1,4200,619.5186640586243,83.81944392978427,83.71873838630057,0.06139533647488662,75.81415061213272
Cell1,4300,617.6078318476868,83.56091274637389,83.46051781725498,0.06190618117832347,75.18853849152379
Cell1,4400,615.7261856172588,83.30633035869602,83.20624129962957,0.06236233933769488,74.63856128270878
Cell1,4500,612.7444427379218,82.90290743605107,82.80330307269213,0.06292011125441518,73.97690807584193
Cell1,4600,612.349611637397,82.849487700356,82.74994751856715,0.06356663061050427,73.22450854616241
Cell1,4800,608.8768448422716,82.37963037635181,82.28065470841508,0.06427254315865323,72.42027555841238
Cell1,5000,604.2869401481527,81.75862687561572,81.66039731731793,0.0663939419572611,70.10632520337302
Cell1,5100,603.2069763171048,81.612510264391,81.51445625906821,0.06622514798312802,70.28501148197459
Cell1,5200,599.8239008415256,81.15478796870129,81.05728389750347,0.0646639404134087,71.98193083551146
Cell1,5300,599.8621534882067,81.15996346341946,81.06245317408198,0.06577408265635454,70.76701184429103
Cell1,5400,598.158701601549,80.92949035875884,80.8322569731823,0.06612657086926638,70.38978772378702
Cell1,5500,594.2801484523485,80.40473107856494,80.30812816923628,0.0662165835302083,70.29410214536595
Cell1,5600,594.4675726175096,80.43008913509206,80.33345575912291,0.06729033561441268,69.17241894975271
Cell1,5700,592.857351306983,80.21222991198485,80.11585828472742,0.06772762193697883,68.72580423273683
Cell1,5800,590.4253670448167,79.88318806009727,79.78721176281306,0.06861750467453152,67.83451698611916
Cell1,5900,589.4471143131173,79.75083272562412,79.65501544771854,0.06853994259135054,67.91128078617642
Cell1,6000,588.1173065952115,79.57091281373935,79.4753117020556,0.068876723358562,67.57922066295573
Cell1,6100,585.5603691386312,79.22496508333569,79.12977961332854,0.06948688272883277,66.98581233747349
Cell1,6200,585.7463794615072,79.25013185026813,79.15491614344691,0.06973033337927592,66.75194367811515
Cell1,6300,584.1518310216064,79.03439313034646,78.9394366245414,0.07019574230095209,66.30936768833752
Cell1,6400,581.2757619596863,78.6452676310524,78.55077864320084,0.07033359869172333,66.17939893550995
Cell1,6500,581.6547783101196,78.69654766759801,78.60199706893508,0.07117244475794911,65.39940144278594
Cell1,6600,580.0334389678039,78.47718420047651,78.38289715781134,0.07155281763076485,65.05173996653785
Cell1,6700,577.6338801898363,78.15252944168616,78.05863245808598,0.06908988977140544,67.37071519132826
Cell1,6800,577.5893924134589,78.1465103483255,78.05262059641336,0.07158021694234631,65.02683961042834
Cell1,6900,576.416770813853,77.98785735508862,77.89415821808824,0.07199746494923911,64.64998857489371
Cell1,7000,573.0979789577467,77.53883248459465,77.44567283212793,0.0713651885484836,65.22277010768892
Cell1,7100,573.0979789577467,77.53883248459465,77.44567283212793,0.0713651885484836,65.22277010768892
Cell1,7200,574.9714659926825,77.79231095197318,77.6988467557679,0.07292424257262067,63.82836656485476
Cell1,7300,572.0375640082297,77.3953607918759,77.30237351462563,0.07435347127966882,62.601452309898825
Cell1,7400,570.436583787218,77.17875186682971,77.08602483611054,0.07493663510539336,62.11428201764313
Cell1,7500,568.267859513994,76.88532848321806,76.79295398837758,0.07608107987280666,61.17993191173547
Cell1,7600,567.7929103307428,76.82106895603252,76.72877166631659,0.07595893691061624,61.2783100409489
Cell1,7700,566.7532309264086,76.68040273467022,76.58827444951469,0.07641516897090653,60.91245166469205
Cell1,7800,564.2265724626601,76.33855168204103,76.24683411657568,0.07768276653290651,59.91850566261579
Cell1,7900,564.3176975749817,76.3508806992054,76.25914832094347,0.07768503033128023,59.916759593712996
Cell1,8000,563.0464545433011,76.17888445406082,76.08735872206772,0.0781572826183224,59.55472261133134
Cell1,8100,560.0135969052836,75.7685458226604,75.6775130953086,0.07849580432386188,59.29788638365044
Cell1,8200,560.6495828680589,75.854593254061,75.76345714433229,0.07940741306803345,58.61713795413148
Cell2,0,734.8189656975843,100.0,99.29986022940328,0.047750474958440633,100.0
Cell2,100,726.6220579061855,98.88449969665423,98.19216998732237,0.04706193454159878,101.4630516648933
Cell2,200,722.1571400208163,98.27687821520124,97.58880270551572,0.0467191526678295,102.20749356895185
Cell2,300,719.2156200035366,97.87657281283765,97.19130000047792,0.047316410848475834,100.91736482582085
Cell2,400,714.5823074647996,97.24603484974376,96.56517668443237,0.047090704450944536,101.4010631507613
Cell2,500,711.1216758331502,96.77508461666642,96.09752376123652,0.047442790561067046,100.64853773088568
Cell2,600,708.0616104027846,96.35864661312895,95.6840014057817,0.047789056441454335,99.9192671170209
Cell2,700,705.4509534216545,96.00336768008569,95.3312099218452,0.04884760304343475,97.75397764345045
Cell2,800,701.9102314870742,95.52151812259379,94.85273398473974,0.04896315552730127,97.52327938058555
Cell2,900,699.2549903478053,95.16017182327117,94.49391761456829,0.049063524183366576,97.32377719134352
Cell2,1000,696.6637550136685,94.80753594217673,94.14375067752276,0.04916130769783945,97.13019688558688
Cell2,1100,693.9847933360154,94.4429615636276,93.78172882919127,0.04930630784327725,96.8445560965913
Cell2,1200,691.2011130181581,94.06413624095582,93.40555581326461,0.04947996197781984,96.50467189090712
Cell2,1300,688.2824454375678,93.66694077964658,93.01114127534701,0.049706798842999535,96.0642730368978
Cell2,1400,685.4468687684393,93.28105298938839,92.62795523897829,0.0498863040474762,95.71860627918451
Cell2,1600,679.5110214082981,92.47325574445662,91.82581370382407,0.05053176908000025,94.49594943498543
Cell2,1800,674.0054456104837,91.72401327048377,91.08181697438968,0.05134877031179029,92.99244104289009
Cell2,1900,670.6497832609933,91.26734809087658,90.62834908932342,0.051790620190013854,92.19907926039427
Cell2,2000,667.3525808571167,90.81863860489503,90.18278119690765,0.052304650353363055,91.29298185886907
Cell2,2100,665.2355876842753,90.53054136303469,89.89670103841559,0.0524374027097818,91.06186136395567
Cell2,2200,661.5433404840155,90.02807104413722,89.39774871405615,0.053087145774019,89.94733896921966
Cell2,2300,659.7519802009176,89.784288511742,89.155673000124,0.05323803045844362,89.69241451505903
Cell2,2400,656.2873914063993,89.31279975651788,88.68748532518909,0.0538893586954842,88.60835629584511
Cell2,2500,654.6501051945633,89.08998484723179,88.46623043169774,0.05409624861396933,88.2694755771105
Cell2,2600,650.3893528573778,88.51014783484051,87.89045308883485,0.05483662628314384,87.07770370825783
Cell2,2700,649.6653133077699,88.4116147833806,87.79260990645538,0.055043392331313196,86.75060336220638
Cell2,2800,647.1329168947415,88.0669861699065,87.45039417496507,0.0555513802496852,85.95731509067451
Cell2,2900,642.1348249865453,87.38680613352822,86.77497634953313,0.05629669455507482,84.81932258336508
Cell2,3000,641.7052831471693,87.32835066906316,86.71693015502288,0.05624104364649569,84.90325190011994
Cell2,3100,638.9952205493706,86.9595438303303,86.35070547964469,0.05692632332422983,83.8811856625147
Cell2,3200,634.9703545346578,86.41180810185847,85.80680466684565,0.05775173560790113,82.68232020356423
Cell2,3300,634.2086228227167,86.30814560163735,85.70386794901577,0.05789064771369145,82.48391898221479
Cell2,3500,627.7048777025079,85.42306431987777,84.82498347331187,0.058150317086948324,82.1155882727905
Cell2,3600,628.1200744890406,85.47956759563881,84.88109114716764,0.05790290545023724,82.46645757608522
Cell2,3700,626.1354826394687,85.20948857723897,84.61290305938766,0.06079350707628774,78.54535336893817
Cell2,3800,621.1583132684733,84.53215584586745,83.94031260384774,0.05827664152512373,81.9375889014724
Cell2,3900,621.4628930235764,84.5736054775892,83.98147203021303,0.058836700165141524,81.15763600680472
Cell2,4000,619.5183548363003,84.308977279618,83.71869659950005,0.059249938599596694,80.59160243377141
Cell2,4100,615.5350095355564,83.76689201961625,83.1804066939941,0.05997750383320751,79.61397508510986
Cell2,4200,614.8821184840259,83.67804142076015,83.09217817351701,0.06076339070413097,78.58428307753132
Cell2,4300,612.8973459219055,83.40793780956169,82.82396566512237,0.061194744790536056,78.0303523151965
Cell2,4400,610.9128049558445,83.13786571579408,82.5557844534925,0.061820750707841945,77.24020561332895
Cell2,4500,607.28245491411,82.64381885374988,82.06519661001485,0.06243896809389564,76.47543900250487
Cell2,4600,606.9661398070712,82.60077218214708,82.02245132527989,0.0625066696053415,76.39260779678482
Cell2,4800,603.2893260278694,82.10040216574295,81.52558459836072,0.06318391911720682,75.57377830562079
Cell2,5000,565.6961522931484,76.98442455906363,76.4454259855606,0.08126859205872733,58.75637038714118
Cell2,5100,577.9189479132826,78.64779964744757,78.09715512341657,0.07845040681755414,60.86708392665204
Cell2,5200,575.4802012975294,78.3159156420534,77.76759476993641,0.07872110562964821,60.6577798628589
Cell2,5300,580.878875800554,79.0506101389353,78.49714537845325,0.07982850312188808,59.81632260538779
Cell2,5400,581.026022733551,79.0706350620614,78.51703009912852,0.08019925102808742,59.539801614503155
Cell2,5500,575.9512937736342,78.38002564711535,77.83125591535598,0.07965045712535043,59.95003253188241
Cell2,5600,578.8701634543729,78.77724861181763,78.22569776410445,0.08111516535700998,58.867506154093086
Cell2,5700,578.0391777470296,78.66416147796087,78.11340239824725,0.08129128741025064,58.73996645847118
Cell2,5800,575.294154472195,78.29059691267659,77.74245330705338,0.08352517874209978,57.16895872306901
Cell2,5900,574.6726428197767,78.20601667163336,77.65846524591576,0.08235174980524061,57.983558420275294
Cell2,6000,573.0003167713386,77.9784332631335,77.43247523937008,0.08278610949281937,57.67933201714519
Cell2,6100,567.463746839281,77.22497286125049,76.68429011341635,0.0844986513195544,56.510339766086155
Cell2,6200,570.4755641019322,77.63484487098991,77.09129244620705,0.08383067051502711,56.96062630189877
Cell2,6300,568.8010284364556,77.40696076025702,76.86500384276427,0.08432965784950645,56.62358436655284
Cell2,6400,562.7251821399774,76.5801113483464,76.04394353242938,0.08486755468501249,56.26469990288681
Cell2,6500,565.7941735212776,76.9977640661674,76.45867209746994,0.08574350157116084,55.689905454597316
Cell2,6600,563.8357095455017,76.73124073631341,76.19401480344618,0.08603593564445179,55.50061680711195
Cell2,6700,561.4334759774204,76.40432571639408,75.86938864559734,0.08588684457294808,55.59696039116179
Cell2,6800,564.0030095218641,76.75400824561464,76.21662290836001,0.085403408763616,55.91167337431095
Cell2,6900,562.1277485994194,76.4988078479678,75.96320927019181,0.08614954441655272,55.42742597402046
Cell2,7000,556.2119202810296,75.69373495320743,75.16377301094995,0.08458804409167384,56.45061955409465
Cell2,7100,556.3346788557027,75.7104409148665,75.18036200752739,0.08959827931248028,53.293964264545195
Cell2,7200,556.887525681366,75.78567670102214,75.25507103802244,0.08930182945320557,53.47088100077729
Cell2,7300,557.1166198494262,75.81685365463312,75.28602970938192,0.09065326747131319,52.6737494305443
Cell2,7400,501.4350458651225,68.23926290322353,67.76149268447601,0.0979027677993893,48.773365688991774
Cell2,7500,562.233702061415,76.51322683644545,75.97752730559661,0.09354316075843419,51.04646301374339
Cell2,7600,558.6320678634678,76.02308785445442,75.4908199815497,0.09383260490902333,50.889000688766714
Cell2,7700,544.914770679986,74.15632912559396,73.63713117297107,0.10518883503103901,45.39500313350792
Cell3,0,735.119595112905,100.00000000000001,99.34048582606825,0.04522040862746018,99.99999999999999
Cell3,100,726.6872270437656,98.85292568376656,98.20097662753588,0.045979667563351465,98.34870720880012
Cell3,200,722.7328355075854,98.31500075801718,97.66659939291694,0.045838391734045594,98.6518220138024
Cell3,300,720.2066836195169,97.9713625384863,97.32522751615093,0.04647832264367656,97.29354687375422
Cell3,400,716.0503279000582,97.40596396292251,96.76355782433218,0.04632702391942552,97.61129639173448
Cell3,500,713.0840304729683,97.00245173895108,96.36270682067138,0.04688091254093159,96.45803841377526
Cell3,600,710.0583119725138,96.59085633045298,95.9538259422316,0.0471925533558622,95.82106796906965
Cell3,700,708.5077117739089,96.37992463866932,95.74428537485255,0.04800934624903077,94.1908444095364
Cell3,800,705.5725275613336,95.98064481643516,95.34763885963967,0.04809168475474827,94.02957883066343
Cell3,900,703.2127351410794,95.65963685583364,95.02874799203775,0.04856600340098455,93.11124132265627
Cell3,1000,700.8922491815016,95.34397584298557,94.71516880831102,0.04892512583664675,92.42778195082003
Cell3,1100,698.6703028506131,95.0417194012229,94.4149057906234,0.04946499362401946,91.41901234472579
Cell3,1200,696.3460284543626,94.72554303866877,94.10081465599495,0.04985982156545865,90.69508716169871
Cell3,1300,693.9320435294495,94.39716314770122,93.77460047695264,0.05018246809935904,90.11196607134943
Cell3,1400,691.4782753365478,94.06337144779083,93.44301018061456,0.050351475259060516,89.8095009030008
Cell3,1600,686.4039761027119,93.37310291630696,92.75729406793404,0.05085103371525246,88.92721607328228
Cell3,1800,681.1264227231039,92.6551852584601,92.04411117879783,0.05140512638078635,87.96867513268515
Cell3,1900,678.2317768750305,92.26141996267461,91.65294282095007,0.05177208801943457,87.34515133035588
Cell3,2000,675.4148558999498,91.87822775914641,91.27227782431754,0.0521330652583307,86.7403602749679
Cell3,2100,673.3918106771276,91.60302829007071,90.99889333474698,0.05233690725092091,86.40252357797563
Cell3,2200,669.9072324045648,91.1290131371992,90.52800437899523,0.0528300902729347,85.59593291217027
Cell3,2300,667.9872304226006,90.86783087587352,90.26854465170278,0.053062784407774705,85.22057244480847
Cell3,2400,665.1830232248433,90.48636815655549,89.88959773308693,0.0535764425416018,84.40352976468489
Cell3,2500,663.1787555105219,90.2137230349119,89.61875074466512,0.05379912271954351,84.05417475521963
Cell3,2600,659.6375677156237,89.73200715923126,89.14021185346267,0.05448622799299033,82.99419925577854
Cell3,2700,658.3707894367438,89.55968441238822,88.96902559955998,0.05477253153101556,82.56037718806846
Cell3,2800,655.8547865798171,89.21742678877796,88.6290252134888,0.05515329056691353,81.99040920794653
Cell3,2900,651.9694142612814,88.68889070507598,88.10397490017316,0.05577704015114949,81.07351789359558
Cell3,3000,650.9774306129659,88.55394890038049,87.9699230558062,0.055955880035887154,80.81439984226535
Cell3,3100,648.7293266569452,88.2481341770394,87.66612522391152,0.0565191524749057,80.00899986520122
Cell3,3200,645.0933332983059,87.7535216836694,87.17477477004132,0.05721166858108441,79.04053447308677
Cell3,3500,638.1805844078301,86.81316464021255,86.24061951457163,0.05742246390360749,78.75038017067614
Cell3,3600,637.7480160822042,86.75432138144193,86.18216433543301,0.057427478466092294,78.74350369424681
Cell3,3700,635.89805559061,86.50266702426075,85.93216967440677,0.05989844485600188,75.49512969188389
Cell3,3800,632.3420224158799,86.01893169760496,85.45162465079457,0.05782489593882213,78.20231734667138
Cell3,3900,631.7149177351412,85.93362521347534,85.36688077501907,0.0584754802609613,77.33225691461261
Cell3,4000,629.6603428366021,85.65413669049242,85.08923551845974,0.058943621619041695,76.71806954741267
Cell3,4100,626.6624752776828,85.24632990927626,84.68411828076795,0.05968632365476401,75.7634343321643
Cell3,4200,625.6675662566968,85.11099015944502,84.54967111576983,0.060329348178575756,74.95590453523069
Cell3,4300,623.802889529931,84.85733391913227,84.297687774315,0.06077232366688764,74.40954352071111
Cell3,4400,621.8625686928474,84.59338763746833,84.03548225579019,0.06129706974786267,73.77254543074946
Cell3,4500,618.4472051369663,84.12878792082542,83.57394664013059,0.06196894938018793,72.97268887039995
Cell3,4600,617.397062827596,83.98593466043734,83.4320355172427,0.06216748844021851,72.73964215386475
Cell3,4800,613.8286055479532,83.50050925437199,82.94981156053422,0.0630800978122249,71.68728362164408
Cell3,5000,608.9248500447693,82.83344017666217,82.2871418979418,0.06479868092474043,69.78600178602527
Cell3,5100,607.559576722663,82.64771892379628,82.10264550306256,0.06481268562155575,69.77092245722423
Cell3,5200,604.4512359157004,82.22488421395764,81.68259944806763,0.06415774910193787,70.48315949428203
Cell3,5300,604.3593651956008,82.21238682976188,81.67018448589201,0.06495167303692247,69.6216225281128
Cell3,5400,602.5054696849569,81.96019718293861,81.41965806553472,0.06512785576960833,69.43328333644006
Cell3,5500,599.4989362373487,81.55121156106216,81.01336976180389,0.06570057052028604,68.82803036466433
Cell3,5600,599.6266429328138,81.56858379495635,81.03062742335321,0.06642177633756607,68.08069750746026
Cell3,5700,597.9470266185133,81.34010174584942,80.80365224574504,0.06657178289412573,67.92729090548423
Cell3,5800,595.6181045337796,81.02329314760006,80.48893304510536,0.06764051184488269,66.85403080799026
Cell3,5900,594.1606611276211,80.82503378737519,80.29198123346231,0.06740142593261224,67.09117500373273
Cell3,6000,592.2878485063985,80.57027080272981,80.03889844681062,0.06766757520254722,66.82729282393133
Cell3,6100,589.3378363478698,80.16897390109088,79.64024815511755,0.06847164109171952,66.04253659830684
Cell3,6200,588.8489304022828,80.10246690701301,79.57417978409227,0.06861487794301266,65.9046696330459
Cell3,6300,587.1626914231025,79.87308396165413,79.34630965177061,0.06894892782404613,65.58536884411048
Cell3,6400,584.8877045881585,79.56361229880251,79.0388789983998,0.06938724674313629,65.17106637025243
Cell3,6500,584.6155005204129,79.52658375684074,79.00209466492065,0.06991748554200497,64.67682336815831
Cell3,6600,582.9967982685885,79.30638798698429,78.78335111737682,0.07022051943621592,64.39771307663946
Cell3,6700,582.4711285638903,79.23487993466289,78.71231467079598,0.0688390279988077,65.69007428205319
Cell3,6800,582.6697890370449,79.26190417323241,78.73916068068174,0.07059396694750276,64.05704422459833
Cell3,6900,581.1245224090237,79.051698019255,78.53034086608429,0.07095533146224725,63.73081161846211
Cell3,7000,578.701182313585,78.72204552304225,78.20286247480878,0.07087266763888532,63.805145388162785
Cell3,7100,580.2683002516004,78.9352241606998,78.4146351691352,0.0719950697697425,62.8104240638781
Cell3,7200,577.6091745887383,78.57349721442601,78.05529386334301,0.07309049482809946,61.86906893134797
Cell3,7300,575.9966217167189,78.35413795877025,77.83738131307013,0.0735008087299059,61.52368852651952
Cell3,7400,574.0759611343926,78.09286610653085,77.57783258572873,0.07468705543494432,60.54651420398963
Cell3,7500,573.0825077442627,77.95772436949453,77.44358212760307,0.07442916740995327,60.75630052179374
Cell3,7600,571.5622067833184,77.75091435231484,77.23813605179978,0.07477200180611757,60.477729009737985
Cell3,7700,569.8652392499695,77.52007197719242,77.00881611486075,0.0761385366212553,59.39227444363065
Cell3,7800,569.3134736610447,77.44501404204922,76.93425319743848,0.07603346545703292,59.474349032551416
Cell3,7900,567.8694270267266,77.24857707534093,76.73911176036846,0.07647469384707946,59.13120583115237
Cell3,8000,566.4618704545966,77.05710393525767,76.54890141278332,0.07706959084571566,58.674774487886104
Cell3,8100,565.8573030034044,76.97486324201383,76.46720310856816,0.0777054005625487,58.19467926307151
Cell4,0,734.0756158938327,100.0,99.19940755322064,0.047419953738642856,100.0
Cell4,100,725.6895677627597,98.85760431902347,98.06615780577833,0.04665018923616334,101.65007798485583
Cell4,200,720.520947044064,98.15350509453114,97.36769554649514,0.04626722492456802,102.49145872905537
Cell4,300,716.8993845363364,97.66015503231473,96.87829520761302,0.04688116353223276,101.14926799126829
Cell4,400,711.6089577103882,96.93946267972838,96.16337266356597,0.04674425097432557,101.44553126905042
Cell4,500,707.5381360146926,96.38491194850175,95.6132616236071,0.047169763654631075,100.5304035140893
Cell4,600,703.3674972372165,95.81676356062788,95.04966178881304,0.04753699118015003,99.7537971196712
Cell4,700,701.7227474914652,95.59270629593468,94.82739830965745,0.048092346278657494,98.60187203984881
Cell4,800,698.0057685756904,95.08635806214286,94.32510386157978,0.04793453780025653,98.92648581747477
Cell4,900,694.5155634312847,94.61090225502471,93.85345451774117,0.04796542136303841,98.86278988301375
Cell4,1000,690.9174915491741,94.12075222085835,93.36722858772623,0.048081841741676484,98.62341378978435
Cell4,1100,687.1888481767409,93.61281498773106,92.86335786172174,0.04828343831628595,98.2116340348698
Cell4,1200,682.9508147644314,93.0354857153033,92.29065064384207,0.04860017506538557,97.57156980369953
Cell4,1300,678.9738121475967,92.4937155582886,91.75321785778334,0.04894549521304926,96.88318308402837
Cell4,1400,674.7946724375373,91.92440912451328,91.18846924831585,0.04920123176963762,96.37960683721336
Cell4,1600,667.088694869066,90.8746565647462,90.14712092825215,0.05016061788322383,94.5362233157467
Cell4,1800,659.50607827045,89.84170894539459,89.12244300952027,0.05114469660544103,92.71724516124725
Cell4,1900,655.8003460359124,89.33689279916892,88.62166838323141,0.05162680587245988,91.85141892332108
Cell4,2000,651.8358917402749,88.79683204659779,88.08593131625337,0.0521421813794108,90.94355564757291
Cell4,2100,649.1322951773172,88.42853258201666,87.7205804293672,0.05227191750200281,90.71783857331415
Cell4,2200,644.827599194441,87.84212215103743,87.13886475600553,0.05301577438922565,89.4449893167645
Cell4,2300,642.7345700249701,87.55699768645184,86.85602297634732,0.053157989041164797,89.20569531311938
Cell4,2400,639.779528362064,87.15444492500258,86.45669302190053,0.053978545193296174,87.84963279175619
Cell4,2500,637.9124570016852,86.90010173201894,86.20438608130881,0.05402119461769136,87.78027600876737
Cell4,2600,632.8442960173883,86.20968771000763,85.51949946180922,0.05494854241263565,86.29883825223803
Cell4,2700,631.3567584678583,86.00704679436862,85.3184808740349,0.05506661887941342,86.11379217323027
Cell4,2800,629.2342766774427,85.71791012445877,85.03165901046523,0.055533094998117705,85.39043923312784
Cell4,2900,624.4071835805257,85.06033575576933,84.37934913250348,0.05627635664155085,84.26265765689423
Cell4,3000,624.0241576349928,85.00815775976459,84.32758886959361,0.05623139881080316,84.33002689154613
Cell4,3100,621.0406372433505,84.60172546218588,83.92441043829061,0.05690368149902363,83.33371846856078
Cell4,3200,617.4298009076539,84.10983658077959,83.43645958211539,0.05771805889512032,82.1579149513843
Cell4,3300,616.6100994219123,83.99817213259551,83.32568911106924,0.05798847924958064,81.7747841507428
Cell4,3500,610.0098423460355,83.09904717421638,82.43376247919399,0.05787649529086524,81.93300838333111
Cell4,3600,609.0845318177422,82.97299605519555,82.30872051591112,0.057629727913516886,82.28384109292426
Cell4,3700,606.8422394722121,82.66753810277469,82.00570803678542,0.05994873447434931,79.10084200181534
Cell4,3800,602.1429400557658,82.02737252382077,81.3706675751035,0.058087414626338645,81.6355040823958
Cell4,3900,602.2590640433417,82.0431916009106,81.38636000585699,0.05845452149049847,81.12281570271816
Cell4,4000,600.8081319033984,81.84553728458017,81.19028809505383,0.05936938559565075,79.87273788145235
Cell4,4100,596.5517044461636,81.2657022696203,80.61509519542753,0.05989659299357235,79.16970126119128
Cell4,4200,595.6564765764431,81.14374918327096,80.49411845627608,0.060923331479488085,77.8354574299805
Cell4,4300,593.6652687461142,80.87249540679122,80.22503631704245,0.061416193443495484,77.21083167140677
Cell4,4400,591.9132492154948,80.63382523539667,79.98827692101281,0.062120021495745775,76.33602274572677
Cell4,4500,588.273065831058,80.13793853031869,79.49636024744028,0.06284430051827392,75.45625195534485
Cell4,4600,587.8162290155369,80.07570559332558,79.43462554264012,0.06302930654356113,75.23476988576692
Cell4,4800,584.5267630762735,79.6275956346181,78.99010311841533,0.06408256283245381,73.99821674208637
Cell4,5000,582.3379080207892,79.32941721701475,78.69431189470124,0.06674372543809959,71.04780775628376
Cell4,5100,581.233771613044,79.17900540877062,78.54510427203299,0.06703521599646649,70.73886916563738
Cell5,0,735.336070718255,100.0,99.36973928625066,0.04508345304975899,100.0
Cell5,100,726.3272216149664,98.77486642339073,98.15232724526574,0.04568888578154367,98.6748796311657
Cell5,200,721.6143905718282,98.13395796931002,97.51545818538219,0.04578871725960124,98.45974237311842
Cell5,300,718.1408943344795,97.66158943257336,97.04606680195668,0.04638536342512831,97.1932733102959
Cell5,400,713.4979226988899,97.03018131586633,96.41863820255269,0.04647796961828336,96.99961814171891
Cell5,500,709.9294524799296,96.54489705455237,95.93641249728779,0.04689713317191033,96.13264180669009
Cell5,600,706.7197517896662,96.10840266537758,95.5026691607657,0.047381336274266966,95.1502355036872
Cell5,700,704.4068227739054,95.79386226570679,95.1901111856629,0.04813949826983305,93.65168867580586
Cell5,800,701.0295867753294,95.33458437454104,94.73372794261209,0.04827805662207112,93.38290768967768
Cell5,900,698.2500120464782,94.9565837786861,94.35810973601056,0.048596221762759025,92.77151888443314
Cell5,1000,695.5576916850586,94.590449099778,93.99428266014304,0.04880141667388313,92.38144324995821
Cell5,1100,692.5531943570523,94.18186077565684,93.58826950770978,0.048923418196070566,92.15106938987351
Cell5,1200,689.7775882497999,93.80439988154602,93.21318760132431,0.04916766483808724,91.69329720706106
Cell5,1300,687.1135597869533,93.44211268132143,92.85318375499368,0.04934938954127667,91.35564485970069
Cell5,1400,684.5275284553019,93.09043248574427,92.50372006152729,0.04957933033249183,90.9319523830146
Cell5,1600,678.643903735009,92.2903051759897,91.70863563986607,0.05039412988579814,89.46171538614901
Cell5,1800,672.7264228388298,91.48557368901135,90.90897605930131,0.05129451472176218,87.89137258497527
Cell5,1900,669.6039858041315,91.06094647989751,90.48702510866642,0.05170734796254663,87.18964484973093
Cell5,2000,666.5615613009338,90.64720035423474,90.07588666228835,0.052094882860214686,86.54103930079016
Cell5,2100,664.112144055915,90.31409861442394,89.7448843318804,0.052304264162530936,86.19460338772015
Cell5,2200,661.1156252944539,89.90659531344564,89.3399493641154,0.05296864034853136,85.11347988755577
Cell5,2300,659.0852626643066,89.63048174972992,89.06557603571711,0.05326078498700791,84.64661769584573
Cell5,2400,655.624570723609,89.15985449798674,88.59791496264987,0.05395362215886228,83.55964112476867
Cell5,2500,653.572031102383,88.88072503555996,88.32054474356526,0.054254771872435846,83.09583008801417
Cell5,2600,650.1803326333551,88.4194803606299,87.86220711261555,0.0550440471640978,81.90432094383577
Cell5,2700,648.6554560316094,88.21210897461097,87.65614270697425,0.05534237265993288,81.46281209659591
Cell5,2800,646.3729055045605,87.90169981369229,87.34768993304873,0.05573627545204103,80.88709316170868
Cell5,2900,643.0682540069614,87.45229285146192,86.90111540634614,0.05642099136751094,79.90546063981343
Cell5,3000,642.1361759560308,87.32553746871288,86.77515891297713,0.0567021130300615,79.50929981367238
Cell5,3100,639.8080244546916,87.00892692911768,86.46054384522859,0.05724420719212447,78.75635852279123
Cell5,3200,636.6188012020026,86.57521731256455,86.02956773000035,0.05790549847308092,77.85694664336127
Cell5,3300,635.56538229874,86.43196051540599,85.88721382415405,0.05801179168536404,77.7142917672257
Cell5,3500,629.1525594045581,85.55986636015558,85.0206161357511,0.057686979547141234,78.15186963102694
Cell5,3600,628.5798251580507,85.48197894658861,84.94321961595278,0.05772302293787811,78.10307006664931
Cell5,3700,626.4541623919168,85.19290530383128,84.65596789079957,0.06045993465566829,74.56748556960653
Cell5,3800,622.7429618448283,84.68821082536466,84.15445430335518,0.05814600289644939,77.53491350049782
Cell5,3900,622.2255140708279,84.61784194308,84.08452892849026,0.058782227008828375,76.6957213835876
Cell5,4000,620.054371370107,84.32258338210661,83.79113126623068,0.05946980387506341,75.8089822264626
Cell5,4100,616.9927457990417,83.90622606019872,83.37739808095158,0.06019185679402934,74.89958850086677
Cell5,4200,616.0030105030721,83.77162973949832,83.24365006798273,0.06085634757031619,74.08175950366972
Cell5,4300,614.4130100238918,83.55540201145729,83.02878513836376,0.06139132528302899,73.43619451431171
Cell5,4400,612.4443360817295,83.28767763065282,82.76274811915263,0.06191626352292559,72.81358803744035
Cell5,4500,609.5275837131619,82.89102194018484,82.36859239367053,0.06270062788575961,71.90271384825832
Cell5,4600,608.9826949116347,82.81692129107688,82.29495877184252,0.06273985411282709,71.8577588157664
Cell5,4800,605.3543107357652,82.32348919650748,81.80463658591422,0.06376802040492197,70.69915729464796
Cell5,5000,456.1288635874498,62.029986254028906,61.63903561992565,0.08056692183271177,55.957770291100054
Cell6,0,732.7947554512294,100.0,99.0263183042202,0.04647741711205262,100.0
Cell6,100,724.683839133562,98.89315306129981,97.93024853156243,0.04518739892728039,102.85481841264695
Cell6,200,719.9780780561117,98.25098674631948,97.29433487244754,0.04509194234664728,103.07255508036093
Cell6,300,716.7605490247803,97.81191031906666,96.85953365199734,0.04599984553650688,101.03820256345584
Cell6,400,711.6736520202331,97.11773272476675,96.17211513786934,0.04536017556958512,102.46304501346911
Cell6,500,707.7770533721924,96.58598783725847,95.64554775299897,0.045478289531063434,102.19693306694558
Cell6,600,704.24917843416,96.10456041003022,95.1688078965081,0.04631227571915632,100.35658233229077
Cell6,700,702.8095879125638,95.90810833243452,94.97426863683293,0.04720358585807623,98.46162376687455
Cell6,800,698.8143263731588,95.36289952605533,94.43436842880524,0.0469850505548989,98.91958519390515
Cell6,900,696.0256867891575,94.98235100776195,94.05752524177804,0.04716365764973791,98.54498024139333
Cell6,1000,692.8134515610182,94.54399699332016,93.62343940013758,0.04728209250194751,98.29813921652949
Cell6,1100,689.8064009492865,94.13364326338932,93.21708120936304,0.04745699382498318,97.93586438166912
Cell6,1200,686.8602393222861,93.73159867927023,92.8189512597684,0.04771042178332041,97.41564919113992
Cell6,1300,683.7786761748114,93.31107668118672,92.40252380740695,0.04807121114545478,96.68451450374397
Cell6,1400,680.8693882005513,92.91406401800675,92.00937678385827,0.048405308909706665,96.01718935158485
Cell6,1600,674.4000038665567,92.03122686805868,91.1351356576428,0.04930549329643669,94.26417627062165
Cell6,1800,669.1830335504253,91.31929896773971,90.4301396689764,0.05011305678477003,92.74512491159324
Cell6,1900,666.0073376705458,90.88593125375765,90.00099157710079,0.050632287027120665,91.79403072817442
Cell6,2000,662.6077744153612,90.4220137338934,89.54159113721097,0.050966264769782804,91.19251199198816
Cell6,2100,660.0615587268948,90.07454731583769,89.19750793606686,0.051180862432765595,90.81014836963382
Cell6,2200,656.3749726963332,89.57146156049662,88.69932063463962,0.051915100754626596,89.52581510286412
Cell6,2300,654.4088374134284,89.30315515296863,88.43362667749032,0.05220812892195604,89.02333424269993
Cell6,2400,650.3692897362026,88.75190288933331,87.8877418562436,0.05300455392615232,87.68570560334585
Cell6,2500,648.4450826764289,88.48931816892427,87.6277138751931,0.05317421867591921,87.40592390330815
Cell6,2600,644.3100797990757,87.92503972034189,87.06892970257779,0.0539923700303232,86.08145389052187
Cell6,2700,643.5074922832472,87.81551553094805,86.96047193016854,0.053982155853763106,86.09774170183066
Cell6,2800,641.3314137706706,87.51855946018078,86.66640726630683,0.054683586969508646,84.99335849707197
Cell6,2900,637.279799374644,86.96566052553547,86.11889180738433,0.05509287647349947,84.36193585646046
Cell6,3000,636.6215899044223,86.87583872136379,86.02994458167869,0.05561375347691811,83.57180410659132
Cell6,3100,633.9956139734056,86.51748791283492,85.67508296937913,0.05623674148512933,82.64599954523081
Cell6,3200,630.1612188131205,85.99423155329342,85.1569214612325,0.05698969720903873,81.55406922337738
Cell6,3300,629.0775840845405,85.84635457675682,85.01048433574871,0.05701941550398443,81.51156356347576
Cell6,3500,622.9330971371867,85.00785417788727,84.18014826178198,0.05687863451247133,81.71331381357597
Cell6,3600,622.4655750181377,84.94405430547127,84.11696959704564,0.056672317052815245,82.01079385679328
Cell6,3700,620.3313260135905,84.65280645077925,83.82855756940411,0.05979115996502912,77.7329242972314
Cell6,3800,616.1640442853969,84.08412310565524,83.26541138991851,0.05731369246495421,81.09304271483174
Cell6,3900,615.9681421137119,84.05738953936975,83.23893812347458,0.057843651884762,80.35007403171299
Cell6,4000,613.5031779021912,83.72101101138713,82.90583485164746,0.058520983557565395,79.42008880683649
Cell6,4100,609.6173818637355,83.19074028966739,82.38072727888319,0.05919159294652071,78.52030127664365
Cell6,4200,609.0230988884279,83.10964214166799,82.30041876870646,0.06016202528108968,77.25374419311902
Cell6,4300,607.3699490541111,82.88404693618664,82.07702014244744,0.06044861898048519,76.8874755055315
Cell6,4400,605.5915026358235,82.64135327536854,81.83668954538156,0.06098521394745152,76.21096017159228
Cell6,4500,601.5582612949864,82.0909615987314,81.29165693175491,0.06180701857218207,75.1976364266356
Cell6,4600,586.0442340937907,79.97385758211726,79.19516676943118,0.05980226231524674,77.71849310156128
Cell6,4800,586.3836032445917,80.02016920597598,79.24102746548536,0.06657396496920288,69.81320270401962
Cell6,5000,579.0231519723749,79.01573362323434,78.24637188815878,0.06610732176445652,70.3060052525707
Cell7,0,728.7460724569092,100.00000000000001,98.47919898066341,0.045642480456091136,100.0
Cell7,100,720.3477780451694,98.8475691699544,97.34429433042831,0.046254621836445645,98.67658332064845
Cell7,200,716.2137717431438,98.28029252061505,96.78564483015457,0.046379731759392015,98.41040196798555
Cell7,300,713.9550899355027,97.97035166563025,96.48041755885171,0.04683427236742371,97.4552996105443
Cell7,400,710.350491252628,97.47572139328834,95.99330962873351,0.04679492176961732,97.53725132996284
Cell7,500,707.6044991402621,97.09891083935862,95.62222961354892,0.047132352005387707,96.83896201673478
Cell7,600,705.1038567303704,96.75576766447179,95.28430496356356,0.04731851427149645,96.45797455560664
Cell7,700,705.0077744360792,96.74258305903479,95.27132086974044,0.04837914106414337,94.34330468078414
Cell7,800,702.2042278220113,96.35787476076348,94.89246321919072,0.048293134553616265,94.51132314763643
Cell7,900,700.1065200427925,96.07002308533055,94.60898919497195,0.048637453660396575,93.84224917443794
Cell7,1000,698.0250408537157,95.78439832963765,94.3277082234751,0.048994879903857834,93.1576535051314
Cell7,1100,695.9609703262058,95.50116242545623,94.0487797738116,0.04939559307318245,92.40192822155035
Cell7,1200,694.0032339821371,95.23251791153542,93.7842208083969,0.049655416228006,91.91843291880105
Cell7,1300,692.0996562801377,94.97130515527569,93.52698057839697,0.04981287266114873,91.62788254870058
Cell7,1400,690.2711085194838,94.72038815829083,93.27987952965998,0.04995999951145715,91.35804824342344
Cell7,1600,686.4617323634372,94.19765790971418,92.76509896803205,0.050548182209387546,90.29499867477857
Cell7,1800,682.4584052490438,93.64831332101589,92.22410881743835,0.05107942689677632,89.35589772439614
Cell7,1900,680.1674774869656,93.33394761138612,91.91452398472508,0.05124191172621453,89.0725558795676
Cell7,2000,677.9978592043389,93.03622823221856,91.62133232491065,0.05140787595036184,88.78499570797747
Cell7,2100,676.4506853791333,92.82392193189239,91.41225478096396,0.05174129774979984,88.21286369120439
Cell7,2200,673.9377403666314,92.47909056916136,91.07266761711234,0.05211704009767187,87.57688535372147
Cell7,2300,672.468531256646,92.27748274367667,90.8741258454927,0.052427166157497124,87.05883571691817
Cell7,2400,669.8150416123352,91.91336556423656,90.51554616382909,0.0529783975653168,86.15300302320159
Cell7,2500,668.3161981719089,91.70769125639802,90.31299975296066,0.05339543016440862,85.48012501360968
Cell7,2600,665.2058399162529,91.28088164833115,89.8926810697639,0.05400881965175321,84.50930931353822
Cell7,2700,663.9368706189983,91.10675113220002,89.72119873229707,0.05421184895780656,84.19281270339069
Cell7,2800,662.0301297966885,90.84510432621704,89.46353105360654,0.054775139326940156,83.32700019923585
Cell7,2900,658.9018480706211,90.41583522353487,89.04079027981366,0.05488581564212634,83.1589727183708
Cell7,3000,657.9000267184718,90.27836328508974,88.90540901600971,0.05563087498378863,82.04523202159196
Cell7,3100,655.9158499218208,90.00609055915085,88.63727701646228,0.05597538096847382,81.54027657587123
Cell7,3200,652.8250279489034,89.58196175904673,88.21959837147344,0.05661048064215503,80.62549538239291
Cell7,3300,651.8482504032085,89.44792638203236,88.08760140583898,0.05683615989046398,80.30535585805661
Cell7,3500,647.4990219249642,88.85111651332444,87.49986782769787,0.05623605539588085,81.16230794422742
Cell7,3600,646.8315112267524,88.75951935439069,87.40966367929086,0.05674852334154938,80.42937114219717
Cell7,3700,645.304202881158,88.54993903508343,87.20327065961594,0.05947340984837932,76.74434772186669
Cell7,3800,642.4368996081984,88.1564819200018,86.81579724435113,0.05695287186656652,80.14078826968688
Cell7,3900,641.9201636369663,88.08557437198718,86.7459680590495,0.05784280661814786,78.90779013785107
Cell7,4000,640.2204043260972,87.85232998479775,86.516270854878,0.05843865734902966,78.10323256314342
Cell7,4100,637.2624875981344,87.44643870939225,86.11655237812627,0.058879151952149156,77.51891619156572
Cell7,4200,636.4617755194159,87.33656338944454,86.00834804316432,0.05980839509866826,76.31450464569889
Cell7,4300,634.8833453988138,87.11996803747502,85.79504667551538,0.0600546798261371,76.00153824519523
Cell7,4400,633.3857813411086,86.91446928910352,85.59267315420385,0.06065699036081933,75.24685973469163
Cell7,4500,630.5555548837211,86.52609992913628,85.21021011942177,0.0612568030520715,74.51005958847156
Cell7,4600,630.0056152500645,86.45063610786275,85.13589395271141,0.061552809469406666,74.15174197495669
Cell7,4800,626.7490104275444,86.0037582521042,84.69581221993843,0.06228473598738209,73.28036272857862
Cell7,5000,623.0463727946269,85.49567487809242,84.1954557830577,0.06427241840905035,71.01410151646654
Cell7,5100,621.9010570358344,85.33851234890976,84.04068338322087,0.06406947512335978,71.2390422556308
Cell7,5200,618.8233159558885,84.91617853521667,83.62477242647142,0.06481401919954088,70.42069141796787
Cell7,5300,618.954853098738,84.93422832619613,83.64254771604568,0.06583505314645516,69.3285389389083
Cell7,5400,617.5276695204672,84.73838732859608,83.4496850703334,0.06608541341687343,69.06589229936988
Cell7,5500,614.2925687191706,84.29446029782805,83.01250928637441,0.06627967571283468,68.8634637469307
Cell7,5600,614.5690801391297,84.33240375034326,83.049875694477,0.06705507860210151,68.06714928622975
Cell7,5700,613.1146593468561,84.13282520752242,82.85333234416974,0.06725327924254167,67.86655010752186
Cell7,5800,611.3462823719076,83.8901649666258,82.61436248269021,0.06785729760839761,67.26244938236783
Cell7,5900,610.0332969423896,83.70999446840392,82.43693201924184,0.06799281899178296,67.1283837512416
Cell7,6000,608.8085860090601,83.54193717387876,82.27143054176489,0.06830568040500586,66.8209147254848
Cell7,6100,606.0533887321608,83.16386346878004,81.89910658542713,0.06907359044784385,66.07804829626586
Cell7,6200,605.9034227150879,83.1432848306589,81.87884090744431,0.06908736441367645,66.06487429857117
Cell7,6300,604.6515080966797,82.97149459181925,81.70966325630806,0.06927577222703023,65.88519909458653
Cell7,6400,601.8397427911003,82.58565850818867,81.32969497177032,0.06971320801296081,65.47178326323107
Cell7,6500,602.0161384365811,82.60986387301296,81.35353222115961,0.0694764435561757,65.69490048693493
Cell7,6600,600.7270194675835,82.4329683784477,81.17932695507886,0.06994173733709927,65.25785917514084
Cell7,6700,598.7575378921711,82.16271216028758,80.91318079623933,0.06848619367076564,66.64479073769041
Cell7,6800,599.0486078144938,82.20265335974288,80.95251456952619,0.0698151443596926,65.37618861165397
Cell7,6900,597.851621443797,82.03840048539651,80.79075965456715,0.07042864988182275,64.80669519105919
Cell7,7000,594.991572602095,81.64593883794507,80.40426656785067,0.07065024019060798,64.60343281629595
Cell7,7100,597.1592893788655,81.94339728865921,80.69720126741427,0.0709788856424222,64.30430689772881
Cell7,7200,593.9663081994765,81.50524999702112,80.26571732425359,0.07215837895333865,63.25319542669595
Cell7,7300,592.768780769216,81.3409228773945,80.10388929313731,0.07278712615431496,62.706803891838184
Cell7,7400,590.6981891224568,81.05679213212979,79.82407961114282,0.07437969299762694,61.3641689238316
Cell7,7500,589.9650195246209,80.9561851270911,79.72500263846229,0.07361773889141209,61.99929683172541
Cell7,7600,588.6221542203064,80.77191445242562,79.54353435409546,0.07393263389665189,61.73522847825675
Cell7,7700,586.5107416551988,80.48218217874226,79.25820833178362,0.07556586995779932,60.40091972947673
Cell7,7800,586.0648501349624,80.42099604860874,79.19795272094086,0.0749886036064637,60.865889296486316
Cell7,7900,584.9615834635077,80.26960357966067,79.04886263020376,0.07541092553880827,60.52502356916761
Cell7,8000,582.8396748034193,79.978431010739,78.76211821667827,0.07659031390629449,59.5930191798575
Cell7,8100,582.8069570864598,79.97394141989302,78.75769690357565,0.07642074764082889,59.725247220305896
Cell8,0,727.5279508776244,99.99999999999999,98.31458795643574,0.04666493615702959,100.0
Cell8,100,720.0435691727091,98.97125853434403,97.30318502333907,0.046159099734223205,101.09585417765707
Cell8,300,713.4368676427137,98.06315575670837,96.41038751928562,0.046301703590632515,100.78449071681794
Cell8,400,709.5431372565274,97.52795564769687,95.88420773736857,0.0461751495111629,101.06071480233817
Cell8,500,706.6031208953756,97.12384521350596,95.4869082291048,0.046467814999107966,100.42421008589581
Cell8,600,703.9271830937772,96.75603284308495,95.1252950126726,0.046636032009763004,100.06197814441103
Cell8,700,702.8268331586339,96.60478780379596,94.97659907549108,0.04749604406388923,98.25015341121531
Cell8,800,699.6604835476685,96.16956746523084,94.54871399292819,0.04744961457381857,98.34629127372945
Cell8,900,697.5051870107625,95.87331815490454,94.25745770415709,0.04767520068076649,97.88094332208134
Cell8,1000,695.446358352956,95.5903285247023,93.97923761526434,0.04798461790779417,97.24978168357941
Cell8,1100,693.3844109134182,95.30691021245045,93.70059606938082,0.048189845965394745,96.83562008174876
Cell8,1200,691.3525594293859,95.02762864236352,93.4260215445116,0.04843321315863068,96.34904049043877
Cell8,1300,689.3511783582153,94.75253528426555,93.15556464300207,0.048643794659452545,95.93194051517438
Cell8,1400,687.4919010955946,94.49697434528336,92.90431095886413,0.04875263886704996,95.71776470251466
Cell8,1600,683.6927504525519,93.97477438877864,92.39091222331783,0.04936505953898947,94.53029448930924
Cell8,1800,679.848343976271,93.44635393817694,91.87139783463122,0.04991825928629728,93.4826991650313
Cell8,1900,677.445316785953,93.11605361261293,91.54666443053418,0.050212210302570316,92.93543517768795
Cell8,2000,675.2706367701213,92.81714000892137,91.2527887527191,0.050565200259055094,92.28666339291901
Cell8,2100,673.7840156124403,92.61280130882226,91.05189400168112,0.050816762182909724,91.82980999274203
Cell8,2200,671.1616689531791,92.25235513543498,90.69752283151068,0.05120618589715712,91.13144308531744
Cell8,2300,669.7381704212172,92.05669275157129,90.50515816502936,0.05154859428310579,90.52610804621544
Cell8,2400,666.3400254420031,91.58961173081946,90.04594938405448,0.05212911216917595,89.5179952529916
Cell8,2500,664.4188097638958,91.32553724738692,89.78632564376969,0.052394399337023466,89.06474116987297
Cell8,2600,660.65981312422,90.8088565294652,89.2783531248946,0.05307471991668308,87.92309451709666
Cell8,2700,659.2901306798706,90.62059126176007,89.09326090268522,0.053370359145156095,87.43605421524488
Cell8,2800,656.7032675046592,90.26502235583818,88.74368479792692,0.05380710146534197,86.72635188700367
Cell8,2900,652.6045603641833,89.70164783042901,88.18980545461936,0.05415712645433557,86.16582749525443
Cell8,3000,651.5216355353732,89.55279790273843,88.04346426153693,0.054664044116094476,85.36678343432379
Cell8,3100,649.2333106060079,89.23826360524446,87.73423116297404,0.055156824499042495,84.60410217749153
Cell8,3200,645.7033994370321,88.75307108931189,87.25721614013948,0.05576033848338909,83.6884018753419
Cell8,3300,644.6697350407342,88.61099209495146,87.11753176226136,0.05615566764552872,83.09924556786066
Cell8,3500,639.1331897895914,87.84998418529466,86.36934997156641,0.05588648928548912,83.49949469655826
Cell8,3600,638.4180527239549,87.75168733432504,86.27270982756147,0.05617990789106643,83.06339029162082
Cell8,3700,636.1130349142321,87.43485857098445,85.96122093435568,0.058868446543351605,79.26986169520345
Cell8,3800,632.0343069341329,86.87423021640659,85.41004147758554,0.05645791860380611,82.65436861833527
Cell8,3900,631.3156809755113,86.77545381094276,85.31292986155559,0.057304671530601044,81.43304011804732
Cell8,4000,629.1404956210293,86.47647074756244,85.0189858947337,0.05797919931877201,80.48565124272217
Cell8,4100,625.4674043331942,85.97159787176373,84.5226222071884,0.058767102959576725,79.40656218688936
Cell8,4200,624.585982483317,85.85044488392131,84.4035111463942,0.05950209942035517,78.42569692770522
Cell8,4300,622.6337554192608,85.58210783079485,84.13969667827847,0.05998082723312354,77.79975420422271
Cell8,4400,620.4760864495748,85.28553242539867,83.84811979048308,0.06048393247037713,77.15261599414755
Cell8,4500,616.9983768202243,84.80751510315622,83.37815902976004,0.06132679360086739,76.0922484562597
Cell8,4600,616.3392972988486,84.71692346051476,83.28909422957413,0.06129539069006575,76.13123210680938
Cell8,4800,612.2732738059557,84.15804136011052,82.73963159539942,0.06215719841666312,75.07567481439067
Cell8,5000,607.3262718804694,83.47806722035153,82.07111782168506,0.06427432655073372,72.6027617266367
Cell8,5100,605.9417256364678,83.2877588971687,81.88401697790106,0.06394371239389508,72.97814657612035
Cell8,5200,601.8903820841234,82.73089458048408,81.33653811947615,0.06468102951757562,72.14624829734572
Cell8,5300,601.934788576745,82.73699833121529,81.34253899685743,0.06546604285429605,71.28113159503013
Cell8,5400,600.0077753818733,82.47212696887836,81.08213180836125,0.0658079903858487,70.91074485548245
Cell8,5500,596.3490335138482,81.96922644614082,80.58770723160112,0.06627993188485065,70.40582998501182
Cell8,5600,596.2266060789286,81.95239857928404,80.571162983639,0.06712927500476898,69.51503074286805
Cell8,5700,594.340960205607,81.69321322825431,80.31634597373068,0.06736025332197355,69.27666369361329
Cell8,5800,592.0146001761711,81.37345093917256,80.00197299677988,0.06891647960121458,67.71230397585074
Cell8,5900,590.4843031513402,81.16310891410191,79.79517610153246,0.06841563709869547,68.20799766829823
Cell8,6000,588.5823764392428,80.9016857330677,79.53815897827606,0.06852501530001613,68.09912548391449
Cell8,6100,585.2882372464059,80.44890049108994,79.0930050332981,0.07003589405883562,66.63002847915013
Cell8,6200,585.1320387309231,80.4274307296472,79.07189712580042,0.06977351190963423,66.88058961037643
Cell8,6300,583.2241106854588,80.16518265475705,78.81406901154848,0.07002211493460594,66.64314010025295
Cell8,6400,579.8709863302748,79.7042897981817,78.36094409868579,0.07118930981498559,65.55048261924077
Cell8,6500,580.3408685542026,79.76887593859885,78.42444169651387,0.07071266784542078,65.99232864334861
Cell8,6600,578.5533542486776,79.52317894463886,78.18288570928075,0.07098602361305306,65.73820279242791
Cell8,6700,578.0345206396925,79.4518643500093,78.11277305941789,0.06877084590352314,67.85569603505333
Cell8,6800,577.7142932865601,79.4078485355315,78.06949909277839,0.07127401421902192,65.47258025011793
Cell8,6900,576.4201292408752,79.22996340491575,77.89461205957772,0.07165282753553785,65.12644059145475
Cell8,7000,573.0210856189168,78.76275886413374,77.43528184039417,0.0717289329672391,65.05734049932536
Cell8,7100,574.6346477946778,78.98454583105571,77.65333078306456,0.07214881034408259,64.67873265613296
Cell8,7200,571.4523631333856,78.5471351917183,77.22329231532238,0.07446699759622166,62.6652579845616
Cell8,7300,569.8082029910108,78.32114248031918,77.00110851229877,0.0746542616061934,62.50806739364791
Cell8,7400,567.5662622753906,78.012983774813,76.69814355072846,0.0773104693753335,60.36043570046982
Cell8,7500,566.657307630317,77.88804635571078,76.57531184193472,0.07639545604895387,61.08339235140753
Cell8,7600,565.3637467862752,77.71024413622474,76.40050632246962,0.07665382357677782,60.87750614330304
Cell8,7700,562.9671093293153,77.38082209078047,76.07663639585343,0.07879592966331396,59.22252120943753
Cell8,7800,562.6004974372796,77.33043063962131,76.02709424828103,0.07799939621610207,59.82730433930738
Cell8,7900,561.1111478911845,77.1257169177226,75.825830796106,0.07829489328089809,59.6015068180885
Cell8,8000,558.1610835707194,76.72022537380232,75.42717345550261,0.0800783337783516,58.274109806271966
Cell8,8100,558.9581404180535,76.82978224324943,75.5348838402775,0.079692878459031,58.555967684138025
